Rank_PL_Dez25,Instituição,PL_202512,PL_202601,PL_202602,PL_202603,Delta_PL_Dez25_Jan26,Delta_PL_Jan26_Fev26,Delta_PL_Fev26_Mar26,Delta_PL_Dez25_Mar26,Delta_PL_pct_Dez25_Mar26,Maior_Mes_Aumento_PL,LL_Mensal_Jan26,LL_Mensal_Fev26,LL_Mensal_Mar26,LL_202603,Proxy_Capital_Outras_Jan26,Proxy_Capital_Outras_Fev26,Proxy_Capital_Outras_Mar26,Proxy_Capital_Outras_1T26,LL_202503,Delta_LL_Mar25_Mar26,Delta_LL_pct_Mar25_Mar26
4,BNDES - PRUDENCIAL,159028130074.82,178032519138.54,181907778052.78,188293935118.82,19004389063.72,3875258914.23999,6386157066.040009,29265805044.0,0.18402910875095457,Dez25->Jan26,766253664.9200001,583043589.9200001,2092451357.1399994,3441748611.9799995,18238135398.800003,3292215324.31999,4293705708.900009,25824056432.02,5617809222.159996,-2176060610.1799965,-0.38735039303155994
1,ITAU - PRUDENCIAL,203673014341.53,225752822206.28,220850469377.16,220301832049.26,22079807864.75,-4902352829.119995,-548637327.8999939,16628817707.730011,0.08164467816951884,Dez25->Jan26,4630822518.859985,3179960674.4100037,4339708907.350067,12150492100.620056,17448985345.890015,-8082313503.529999,-4888346235.250061,4478325607.109955,11133251624.28003,1017240476.3400269,0.0913695756342712
3,BRADESCO - PRUDENCIAL,163710383749.73,174678585219.16,173302734118.84,172181730067.67,10968201469.429993,-1375851100.3200073,-1121004051.169983,8471346317.940002,0.05174593158910712,Dez25->Jan26,2291212683.069992,344214697.4900055,2407396042.01001,5042823422.570007,8676988786.36,-1720065797.8100128,-3528400093.1799927,3428522895.369995,5825962581.26001,-783139158.6900024,-0.1344222774806475
7,BTG PACTUAL - PRUDENCIAL,66189386993.8,75725119316.61,74287824112.73,73596482823.15,9535732322.809998,-1437295203.880005,-691341289.5800018,7407095829.349991,0.11190760582272528,Dez25->Jan26,1590193426.8399963,1292937786.6700134,1687264481.0,4570395694.51001,7945538895.970001,-2730232990.5500183,-2378605770.580002,2836700134.839981,3209921571.169998,1360474123.3400116,0.42383406982872995
2,BB - PRUDENCIAL,177468658372.45,184703169193.34,184607137913.33,183806626366.06,7234510820.889984,-96031280.01000977,-800511547.269989,6337967993.609985,0.03571316790094066,Dez25->Jan26,1003282985.4899902,1127137524.1200256,1075494323.3499756,3205914832.9599915,6231227835.399994,-1223168804.1300354,-1876005870.6199646,3132053160.649994,6813371760.52002,-3607456927.560028,-0.5294672086533401
5,CAIXA ECONÔMICA FEDERAL - PRUDENCIAL,107058583682.48,112186579523.0,112336349026.16,112241447825.58,5127995840.520004,149769503.16000366,-94901200.58000183,5182864143.100006,0.04841147682722591,Dez25->Jan26,983570120.5599976,967369204.7699966,1142852807.959999,3093792133.2899933,4144425719.9600067,-817599701.609993,-1237754008.540001,2089072009.8100128,5387707609.219994,-2293915475.9300003,-0.42576836797980994
13,CLOUDWALK IP - PRUDENCIAL,13637303664.87,14031047081.1,13934858306.65,17273705300.43,393743416.22999954,-96188774.45000076,3338846993.7800007,3636401635.5599995,0.2666510715697746,Fev26->Mar26,86281101.13,105053613.03999996,82001079.94000018,273335794.11000013,307462315.09999955,-201242387.49000072,3256845913.8400006,3363065841.4499993,330143724.81000006,-56807930.69999993,-0.17207030281339825
8,BCO CLASSICO S.A. - PRUDENCIAL,19932580178.35,20876982460.68,21867720026.21,23406807892.45,944402282.3300018,990737565.5299988,1539087866.2400017,3474227714.1000023,0.1742989458973091,Fev26->Mar26,-385904.2100000009,-455541.58000000566,-320179.0299999863,-1161624.8199999928,944788186.5400019,991193107.1099988,1539408045.2700016,3475389338.9200025,735166.1599999964,-1896790.9799999893,-2.5800847253361043
9,NU PAGAMENTOS - PRUDENCIAL,16420372917.84,19068287879.02,18729143712.34,19707687345.65,2647914961.1800003,-339144166.6800003,978543633.3100014,3287314427.8100014,0.20019730637411295,Dez25->Jan26,857506242.9700012,1305247644.6599998,-742213293.4799995,1420540594.1500015,1790408718.209999,-1644391811.3400002,1720756926.790001,1866773833.6599998,2866519208.8600006,-1445978614.709999,-0.5044370922897311
6,SANTANDER - PRUDENCIAL,100129518839.24,102829771743.98,102928461890.33,102966480374.38,2700252904.73999,98690146.3500061,38018484.05000305,2836961535.1399994,0.028332918883738963,Dez25->Jan26,1774775169.4799805,1271013427.830017,1035661854.9700317,4081450452.2800293,925477735.2600098,-1172323281.480011,-997643370.9200287,-1244488917.14003,3959230055.7400208,122220396.54000854,0.030869738514642666
24,VOLKSWAGEN - PRUDENCIAL,6436196539.72,6744753505.47,6803437145.65,8898175620.81,308556965.75,58683640.17999935,2094738475.1599998,2461979081.089999,0.38252080493444734,Fev26->Mar26,-96447095.70000005,-5566235.379999876,-9868314.25,-111881645.32999992,405004061.45000005,64249875.55999923,2104606789.4099998,2573860726.419999,399178318.77,-511059964.0999999,-1.2802798650857194
44,PICPAY - PRUDENCIAL,3469180980.85,4299645213.44,5770158014.07,5735927152.23,830464232.5899997,1470512800.63,-34230861.84000015,2266746171.3799996,0.653395191514227,Jan26->Fev26,79648071.29999995,-9451034.77000022,36947906.380000114,107144942.90999985,750816161.2899997,1479963835.4000003,-71178768.22000027,2159601228.47,65073181.94000006,42071760.96999979,0.6465299485245942
18,CITIBANK - PRUDENCIAL,8480347135.84,10144286009.62,10249718393.47,10227129740.69,1663938873.7800007,105432383.84999847,-22588652.77999878,1746782604.8500004,0.2059800827571874,Dez25->Jan26,583125478.4799995,76080331.32000351,-318827474.83000946,340378334.9699936,1080813395.3000011,29352052.529994965,296238822.0500107,1406404269.8800068,522585150.51000214,-182206815.54000854,-0.34866435711422145
10,SAFRA - PRUDENCIAL,15228825454.63,17258718505.87,17124289134.9,16965956968.24,2029893051.2399998,-134429370.9699993,-158332166.65999985,1737131513.6100006,0.11406864690814766,Dez25->Jan26,321547598.4000015,325844889.44999695,341549070.94999695,988941558.7999954,1708345452.8399982,-460274260.41999626,-499881237.6099968,748189954.8100052,984175292.4100037,4766266.38999176,0.004842903928547468
37,BANCO C6 - PRUDENCIAL,4721090262.57,6139212084.61,6142866379.42,6141644468.81,1418121822.04,3654294.8100004196,-1221910.6099996567,1420554206.2400007,0.3008953710337874,Dez25->Jan26,214734027.3800001,115988786.57999992,267688457.26000118,598411271.2200012,1203387794.6599998,-112334491.7699995,-268910367.87000084,822142935.0199995,543063525.0299988,55347746.19000244,0.10191762775256363
11,BCO DO NORDESTE DO BRASIL S.A. - PRUDENCIAL,14799235857.63,16195164537.95,16165898184.55,16202234572.92,1395928680.3200016,-29266353.400001526,36336388.37000084,1402998715.290001,0.09480210524293124,Dez25->Jan26,111665966.44000006,280533769.6799998,108362944.64000034,500562680.7600002,1284262713.8800015,-309800123.08000135,-72026556.2699995,902436034.5300007,357608192.7800007,142954487.97999954,0.3997517139321935
17,JP MORGAN CHASE - PRUDENCIAL,9923190578.62,11305766290.59,11313535964.38,11307849235.25,1382575711.9699993,7769673.789999008,-5686729.129999161,1384658656.6299992,0.13953764624991824,Dez25->Jan26,184354161.11999893,196222413.5300026,191535436.52999115,572112011.1799927,1198221550.8500004,-188452739.7400036,-197222165.6599903,812546645.4500065,545947469.5800018,26164541.599990845,0.047925016705580234
12,CIELO IP - PRUDENCIAL,13644262958.0,14832298891.76,14932504238.87,14848810308.21,1188035933.7600002,100205347.11000061,-83693930.66000175,1204547350.209999,0.08828233184290402,Dez25->Jan26,190891523.46000004,45353362.07000017,148586385.8699999,384831271.4000001,997144410.3000002,54851985.04000044,-232280316.53000164,819716078.809999,464655474.44000006,-79824203.03999996,-0.17179223625031773
29,HONDA - PRUDENCIAL,5743499598.49,6346152823.66,6379959356.01,6670827816.1,602653225.1700001,33806532.35000038,290868460.09000015,927328217.6100006,0.1614570005112912,Dez25->Jan26,6056256.089999914,35049611.00000024,62393436.619999886,103499303.71000004,596596969.0800002,-1243078.649999857,228475023.47000027,823828913.9000006,140608689.8699999,-37109386.15999985,-0.26391957847206615
16,BANRISUL - PRUDENCIAL,10222093570.09,11183120127.18,11184692422.87,11105422333.87,961026557.0900002,1572295.690000534,-79270089.0,883328763.7800007,0.08641368401915572,Dez25->Jan26,65513227.75,63710669.69999981,92183199.18999958,221407096.6399994,895513329.3400002,-62138374.009999275,-171453288.18999958,661921667.1400013,241313883.92000008,-19906787.280000687,-0.08249333588530756
27,BCO DAYCOVAL S.A - PRUDENCIAL,6146488331.99,7075348224.08,7075348224.08,6915336842.18,928859892.0900002,0.0,-160011381.89999962,768848510.1900005,0.12508744321346113,Dez25->Jan26,143994236.4699998,103959054.94000101,193332310.74999905,441285602.15999985,784865655.6200004,-103959054.94000101,-353343692.64999866,327562908.0300007,451812227.75,-10526625.590000153,-0.02329867352732388
26,BOFA MERRILL LYNCH - PRUDENCIAL,6160907993.46,6906372899.19,6912379842.33,6915769821.56,745464905.7299995,6006943.140000343,3389979.230000496,754861828.1000004,0.12252444427044037,Dez25->Jan26,109467543.70999908,23323983.599998474,173782726.32000732,306574253.6300049,635997362.0200005,-17317040.45999813,-170392747.09000683,448287574.4699955,336542179.5,-29967925.869995117,-0.08904656740061052
32,MERCADO PAGO IP - PRUDENCIAL,5156850061.66,5868969878.6,5848594312.61,5866962227.63,712119816.9400005,-20375565.990000725,18367915.020000458,710112165.9700003,0.13770269786386108,Dez25->Jan26,-149626674.07999992,22029749.25,97142533.26000023,-30454391.569999695,861746491.0200005,-42405315.240000725,-78774618.23999977,740566557.54,-2767172.4499998093,-27687219.119999886,-10.00559944140879
25,ABC-BRASIL - PRUDENCIAL,6234709987.89,6738132961.01,6681985577.27,6931939884.32,503422973.1199999,-56147383.73999977,249954307.04999924,697229896.4299994,0.11183036545152301,Dez25->Jan26,82864623.89999962,61642841.75,88522918.65000153,233030384.30000114,420558349.22000027,-117790225.48999977,161431388.3999977,464199512.1299982,228669603.710001,4360780.590000153,0.019070224110461567
51,MERCANTIL DO BRASIL - PRUDENCIAL,2057282618.37,2641695590.3,2775075089.76,2745599250.8,584412971.9300003,133379499.46000004,-29475838.96000004,688316632.4300003,0.33457563209052854,Dez25->Jan26,81532788.46000004,84076190.53999996,108101844.76999998,273710823.77,502880183.47000027,49303308.92000008,-137577683.73000002,414605808.6600003,241206499.61000013,32504324.159999847,0.134757248301995
20,STELLANTIS - PRUDENCIAL,7493915628.45,7955900181.16,8155110333.78,8134717276.72,461984552.71000004,199210152.6199999,-20393057.059999466,640801648.2700005,0.08550958938438707,Dez25->Jan26,125448754.70000005,74219928.69999981,117224347.38000035,316893030.7800002,336535798.01,124990223.92000008,-137617404.43999982,323908617.49000025,144363972.56000006,172529058.22000015,1.1950977460688414
15,XP - PRUDENCIAL,10924477962.31,12450204077.58,12227839469.83,11560198025.83,1525726115.2700005,-222364607.75,-667641444.0,635720063.5200005,0.05819226014398736,Dez25->Jan26,-47595040.39001465,-27896640.579986572,41992932.290008545,-33498748.679992676,1573321155.660015,-194467967.17001343,-709634376.2900085,669218812.1999931,256370333.76000977,-289869082.44000244,-1.1306654642473224
21,PAGSEGURO - PRUDENCIAL,6892381009.22,7847138780.34,7838105402.39,7499518907.8,954757771.1199999,-9033377.94999981,-338586494.59000015,607137898.5799999,0.08808826699624209,Dez25->Jan26,139074184.22000003,150012478.15000033,206818636.2800002,495905298.6500006,815683586.8999999,-159045856.10000014,-545405130.8700004,111232599.92999935,492037966.0600004,3867332.5900001526,0.007859825575997442
28,MORGAN STANLEY - PRUDENCIAL,5825368832.05,6408837729.81,6408844759.93,6408851602.54,583468897.7600002,7030.119999885559,6842.609999656677,583482770.4899998,0.10016237380194636,Dez25->Jan26,150659450.14999962,30698030.290000916,29738586.529996872,211096066.9699974,432809447.6100006,-30691000.17000103,-29731743.919997215,372386703.52000237,144405462.30999947,66690604.65999794,0.461828822768707
118,BULLLA IP - PRUDENCIAL,155818772.84,215950675.21,215950675.21,696428004.69,60131902.370000005,0.0,480477329.48,540609231.85,3.469474325825399,Fev26->Mar26,17932641.650000006,7196986.889999986,10384945.340000004,35514573.879999995,42199260.72,-7196986.889999986,470092384.14,505094657.97,-2597019.649999991,38111593.52999999,14.675127132750081
38,GOLDMAN SACHS - PRUDENCIAL,4678912160.64,5145491272.75,5182051224.78,5218780282.79,466579112.10999966,36559952.02999973,36729058.01000023,539868122.1499996,0.11538325653802278,Dez25->Jan26,59734231.07999992,116653588.23999977,115107643.95999908,291495463.2799988,406844881.02999973,-80093636.21000004,-78378585.94999886,248372658.87000084,357906885.77000046,-66411422.49000168,-0.18555502878108707
42,BMG - PRUDENCIAL,3595653292.41,3847156568.55,3814156508.14,4093855229.98,251503276.14000034,-33000060.410000324,279698721.84000015,498201937.5700002,0.13855672309164116,Fev26->Mar26,27881757.82000017,40077519.22999954,79132372.86000013,147091649.90999985,223621518.32000017,-73077579.63999987,200566348.98000002,351110287.6600003,114891423.35000038,32200226.559999466,0.2802665823183864
30,BANCO SICOOB - PRUDENCIAL,5501872621.27,5973597703.25,5972954619.87,5994751999.6,471725081.97999954,-643083.3800001144,21797379.730000496,492879378.3299999,0.08958393119181816,Dez25->Jan26,52097005.98000002,93884245.38999987,39156901.27999973,185138152.64999962,419628075.9999995,-94527328.76999998,-17359521.549999237,307741225.6800003,273528597.9499998,-88390445.30000019,-0.3231488259818364
14,VOTORANTIM - PRUDENCIAL,11739035534.91,12661535227.87,12656329602.48,12218018786.23,922499692.960001,-5205625.390001297,-438310816.25,478983251.3199997,0.0408026068151494,Dez25->Jan26,104971971.82000065,32270489.68999958,338945625.5100002,476188087.02000046,817527721.1400003,-37476115.08000088,-777256441.7600002,2795164.299999237,471799482.2900009,4388604.729999542,0.009301843038695832
36,SEM PARAR IP - PRUDENCIAL,4784762331.55,5258681812.0,5258681812.0,5258681812.0,473919480.4499998,0.0,0.0,473919480.4499998,0.09904765328155306,Dez25->Jan26,122682046.67000002,130162295.05000001,1684472.8199999332,254528814.53999996,351237433.7799998,-130162295.05000001,-1684472.8199999332,219390665.90999985,317415249.86000013,-62886435.32000017,-0.1981203970122324
63,PINE - PRUDENCIAL,1147384533.89,1455223155.77,1445521428.78,1608010402.63,307838621.8799999,-9701726.99000001,162488973.85000014,460625868.74,0.40145727533761605,Dez25->Jan26,36390692.870000124,32586268.77999997,81816252.7399993,150793214.3899994,271447929.00999975,-42287995.76999998,80672721.11000085,309832654.3500006,73477326.13999939,77315888.25,1.0522414506848934
35,AGIBANK - PRUDENCIAL,4834022945.76,5277182537.76,5272435398.86,5277239997.1,443159592.0,-4747138.900000572,4804598.240000725,443217051.34000015,0.09168699783039984,Dez25->Jan26,51569722.379999876,51675906.660000086,38825742.44000006,142071371.48000002,391589869.6200001,-56423045.56000066,-34021144.19999933,301145679.86000013,348772488.62000036,-206701117.14000034,-0.5926531589629145
53,ORIGINAL - PRUDENCIAL,1792476703.73,2060633031.32,2167620218.64,2164632317.71,268156327.5899999,106987187.31999993,-2987900.9299998283,372155613.98,0.2076208930389857,Dez25->Jan26,66576544.30000019,21008487.319999695,21143013.04000044,108728044.66000032,201579783.28999972,85978700.00000024,-24130913.970000267,263427569.3199997,16521586.400000095,92206458.26000023,5.580968802124214
54,PORTO SEGURO - PRUDENCIAL,1747570799.92,1973472274.72,1960470645.89,2115538055.21,225901474.79999995,-13001628.829999924,155067409.31999993,367967255.28999996,0.21055928338173463,Dez25->Jan26,6366256.469999909,37542544.20000017,43776803.869999886,87685604.53999996,219535218.33000004,-50544173.03000009,111290605.45000005,280281650.75,143473026.2099998,-55787421.66999984,-0.3888356100354671
22,INTER - PRUDENCIAL,6800635820.7,7381644333.35,7339073727.32,7120256201.82,581008512.6500006,-42570606.03000069,-218817525.5,319620381.1199999,0.04699860271110663,Dez25->Jan26,81599185.55999994,82073578.46999979,174087070.46000004,337759834.4899998,499409327.0900006,-124644184.50000048,-392904595.96000004,-18139453.369999886,217689371.9500003,120070462.53999949,0.5515678669309484
40,CREDIT AGRICOLE - PRUDENCIAL,3857214452.47,4139186206.46,4138665736.24,4123105662.14,281971753.99000025,-520470.220000267,-15560074.099999905,265891209.67000008,0.06893347853649527,Dez25->Jan26,38331969.619999886,10085462.640000343,12028671.090000153,60446103.35000038,243639784.37000036,-10605932.86000061,-27588745.190000057,205445106.3199997,21127343.119999886,39318760.230000496,1.8610366673498087
43,AF PARANÁ - PRUDENCIAL,3506310337.7,3502381132.7,3752321104.11,3752340737.27,-3929205.0,249939971.41000032,19633.159999847412,246030399.57000017,0.07016789042449287,Jan26->Fev26,21172746.450000003,21205053.560000002,18164087.12999998,60541887.139999986,-25101951.450000003,228734917.85000032,-18144453.970000133,185488512.4300002,48893541.52000001,11648345.619999975,0.23823894236082682
46,GM - PRUDENCIAL,2423135932.18,2644740987.16,2644740987.16,2644740987.16,221605054.98000002,0.0,0.0,221605054.98000002,0.09145382726450293,Dez25->Jan26,21097405.449999988,27697728.380000055,167831164.14999998,216626297.98000002,200507649.53000003,-27697728.380000055,-167831164.14999998,4978757.0,102383918.12,114242379.86000001,1.1158234804620506
23,CREFISA S.A. CFI - PRUDENCIAL,6732872736.54,6979224232.58,6974237401.3,6946081425.31,246351496.03999996,-4986831.279999733,-28155975.98999977,213208688.77000046,0.03166682293174721,Dez25->Jan26,48272947.68000007,48414629.879999876,14483896.350000381,111171473.91000032,198078548.3599999,-53401461.15999961,-42639872.34000015,102037214.86000013,272859223.15999985,-161687749.24999952,-0.5925683851822325
41,VOLVO - PRUDENCIAL,3777038867.38,3988000033.03,3988000033.03,3988000033.03,210961165.6500001,0.0,0.0,210961165.6500001,0.05585358611793595,Dez25->Jan26,27255268.46000001,24576788.650000006,47613314.02999997,99445371.13999999,183705897.1900001,-24576788.650000006,-47613314.02999997,111515794.51000011,105502318.68000007,-6056947.540000081,-0.057410563253794046
65,BCO TOYOTA DO BRASIL S.A. - PRUDENCIAL,1077414033.36,1281283964.06,1270564295.16,1244152538.58,203869930.70000005,-10719668.899999857,-26411756.580000162,166738505.22000003,0.15475805962914085,Dez25->Jan26,20376382.419999957,19481334.79000008,18324896.860000014,58182614.07000005,183493548.2800001,-30201003.689999938,-44736653.44000018,108555891.14999998,51571347.15999997,6611266.910000086,0.12819651364717405
34,BD REGIONAL DO EXTREMO SUL - PRUDENCIAL,4837927349.2,5233907554.75,5233916835.95,4996411530.87,395980205.5500002,9281.199999809265,-237505305.07999992,158484181.67000008,0.032758694008955515,Dez25->Jan26,-24811688.399999976,33018577.049999952,135565476.64999998,143772365.29999995,420791893.95000017,-33009295.850000143,-373070781.7299999,14711816.370000124,108900287.13000011,34872078.16999984,0.3202202591841761
49,BANESTES - PRUDENCIAL,2192028083.19,2404095798.1,2398428559.63,2349233835.2,212067714.90999985,-5667238.46999979,-49194724.430000305,157205752.00999975,0.0717170337440305,Dez25->Jan26,10037350.810000062,21369453.23999989,59296532.27999997,90703336.32999992,202030364.0999998,-27036691.70999968,-108491256.71000028,66502415.67999983,54542162.52999997,36161173.79999995,0.6629948671380627
69,QI SCD - PRUDENCIAL,865666322.36,1110039382.71,1021988435.48,1021880925.49,244373060.35000002,-88050947.23000002,-107509.99000000954,156214603.13,0.18045590904371103,Dez25->Jan26,46208017.22999999,44395685.22,33040676.160000026,123644378.61000001,198165043.12000003,-132446632.45000002,-33148186.150000036,32570224.51999998,62562481.0,61081897.610000014,0.9763343242413934
71,BCO DO EST. DE SE S.A. - PRUDENCIAL,831046535.44,917942787.55,913751088.78,961194428.62,86896252.1099999,-4191698.769999981,47443339.84000003,130147893.17999995,0.15660722670733807,Dez25->Jan26,14246748.569999993,14962640.359999955,1354374.6299999952,30563763.559999943,72649503.5399999,-19154339.129999936,46088965.21000004,99584129.62,21752037.139999986,8811726.419999957,0.40509890468125426
62,BCO FIBRA S.A. - PRUDENCIAL,1186188311.44,1300809948.76,1301411866.71,1301839937.67,114621637.31999993,601917.9500000477,428070.96000003815,115651626.23000002,0.09749853806062388,Dez25->Jan26,3883878.080000043,22199340.23999989,50076972.99000001,76160191.30999994,110737759.23999989,-21597422.289999843,-49648902.02999997,39491434.92000008,25915355.840000153,50244835.46999979,1.9388055398586221
72,BANCO DIGIMAIS - PRUDENCIAL,798110441.01,787322475.65,787322475.65,912322475.65,-10787965.360000014,0.0,125000000.0,114212034.63999999,0.1431030453573141,Fev26->Mar26,-45664246.97999999,-11562049.960000008,-51128664.95000005,-108354961.89000005,34876281.619999975,11562049.960000008,176128664.95000005,222566996.53000003,-15350085.350000024,-93004876.54000002,-6.058915922574976
66,AF DO ESTADO DE SC S.A. - PRUDENCIAL,1046743387.58,1158509817.88,1158509817.88,1158509817.88,111766430.30000007,0.0,0.0,111766430.30000007,0.10677538700138962,Dez25->Jan26,9645377.729999997,5117993.030000009,5512832.049999997,20276202.810000002,102121052.57000008,-5117993.030000009,-5512832.049999997,91490227.49000007,18497262.97,1778939.8400000036,0.096173138852229
58,FISERV DO BRASIL IP - PRUDENCIAL,1614202601.35,1717189461.83,1717189461.83,1717189461.83,102986860.48000002,0.0,0.0,102986860.48000002,0.06380045503201978,Dez25->Jan26,10534170.390000015,-2169556.3700000346,18118718.429999948,26483332.44999993,92452690.09,2169556.3700000346,-18118718.429999948,76503528.03000009,-23030260.0,49513592.44999993,2.1499363207362805
121,BMP SCMEPP LTDA - PRUDENCIAL,130168218.57,232217818.02,232217818.02,232217818.02,102049599.45000002,0.0,0.0,102049599.45000002,0.7839824541742595,Dez25->Jan26,28885470.65,19147952.720000006,-13189244.350000024,34844179.01999998,73164128.80000001,-19147952.720000006,13189244.350000024,67205420.43000004,92182542.97,-57338363.95000002,-0.6220089195050769
104,IFOOD PAGO IP - PRUDENCIAL,232055572.03,309962009.78,320651330.54,320840651.3,77906437.74999997,10689320.76000005,189320.75999999046,88785079.27000001,0.3826026606183881,Dez25->Jan26,22045038.5,29077682.28000003,46502157.099999964,97624877.88,55861399.24999997,-18388361.51999998,-46312836.339999974,-8839798.609999985,,,
61,PARANÁ BANCO - PRUDENCIAL,1210832178.65,1233569210.98,1232603027.04,1293557592.42,22737032.329999924,-966183.9400000572,60954565.380000114,82725413.76999998,0.06832112263669231,Fev26->Mar26,9528280.060000032,8528502.719999999,5240493.660000026,23297276.440000057,13208752.269999892,-9494686.660000056,55714071.72000009,59428137.32999992,53522498.21000004,-30225221.76999998,-0.5647199361174954
47,MERCEDES-BENZ - PRUDENCIAL,2312594005.39,2371106727.05,2369266620.91,2391986311.55,58512721.660000324,-1840106.1400003433,22719690.640000343,79392306.16000032,0.03433041250429578,Dez25->Jan26,25800848.71000004,7959141.439999938,-4519952.619999886,29240037.53000009,32711872.950000286,-9799247.580000281,27239643.26000023,50152268.63000023,64957211.620000005,-35717174.089999914,-0.5498569473539836
110,MÊNTORE IP - PRUDENCIAL,196306012.7,322208924.38,318411271.43,270691227.14,125902911.68,-3797652.949999988,-47720044.29000002,74385214.44,0.37892478899093857,Dez25->Jan26,5754368.180000007,-1506293.400000006,9291409.649999991,13539484.429999992,120148543.5,-2291359.549999982,-57011453.94000001,60845730.010000005,,,
67,BS2 - PRUDENCIAL,914196159.62,975071597.08,982032498.85,986765729.43,60875437.46000004,6960901.769999981,4733230.579999924,72569569.80999994,0.07938074235639386,Dez25->Jan26,517389.87999999523,2194857.629999995,7429143.25999999,10141390.76999998,60358047.58000004,4766044.139999986,-2695912.6800000668,62428179.03999996,-9872416.24000001,20013807.00999999,2.027245055664303
84,RANDON - PRUDENCIAL,503609868.04,539699258.48,569699258.48,566869053.86,36089390.44,30000000.0,-2830204.620000005,63259185.81999999,0.1256114898347773,Dez25->Jan26,7869375.540000007,10972638.760000005,9286622.799999982,28128637.099999994,28220014.89999999,19027361.239999995,-12116827.419999987,35130548.72,33885492.620000005,-5756855.520000011,-0.16989145132280534
88,CREDSYSTEM IP - PRUDENCIAL,415214665.23,466412977.39,466412977.39,466412977.39,51198312.15999997,0.0,0.0,51198312.15999997,0.1233056451212764,Dez25->Jan26,17956369.599999994,12400051.409999996,13981827.00000003,44338248.01000002,33241942.559999973,-12400051.409999996,-13981827.00000003,6860064.149999946,33132654.800000012,11205593.210000008,0.3382039042038975
86,BANQI IP - PRUDENCIAL,430588886.11,467940600.99,466825871.74,480124534.72,37351714.879999995,-1114729.25,13298662.98000002,49535648.610000014,0.11504163300059127,Dez25->Jan26,2326354.8499999978,3535812.169999998,13298187.310000017,19160354.330000013,35025360.03,-4650541.419999998,475.67000000178814,30375294.28,4436094.439999998,14724259.890000015,3.3191944150765247
83,BNY MELLON - PRUDENCIAL,517255517.77,563076893.47,563368096.56,564727025.22,45821375.70000005,291203.08999991417,1358928.6600000858,47471507.45000005,0.09177573910600306,Dez25->Jan26,-3761964.5600000024,2449403.580000013,6410691.089999974,5098130.1099999845,49583340.26000005,-2158200.490000099,-5051762.429999888,42373377.34000006,2442910.480000019,2655219.6299999654,1.0869082808142625
74,INDUSTRIAL DO BRASIL - PRUDENCIAL,676982450.7,744107694.02,743382842.67,722504114.66,67125243.31999993,-724851.3500000238,-20878728.00999999,45521663.95999992,0.06724201478624815,Dez25->Jan26,13028468.349999994,-2596887.869999975,2378205.339999974,12809785.819999993,54096774.96999994,1872036.5199999511,-23256933.349999964,32711878.139999926,18530485.01999998,-5720699.199999988,-0.3087182658103999
68,OMNI - PRUDENCIAL,882897997.95,925515004.58,925545415.17,926714767.73,42617006.629999995,30410.58999991417,1169352.560000062,43816769.77999997,0.04962834878064973,Dez25->Jan26,-9853800.840000033,-13439217.209999919,5121898.529999971,-18171119.51999998,52470807.47000003,13469627.799999833,-3952545.9699999094,61987889.29999995,405486.87000000477,-18576606.389999986,-45.8130898048555
85,RENDIMENTO - PRUDENCIAL,477450170.95,532624557.62,579636763.29,520711953.66,55174386.67000002,47012205.66999996,-58924809.629999936,43261782.71000004,0.09061004758657955,Dez25->Jan26,6516243.030000001,4261651.570000023,57433044.32999998,68210938.93,48658143.640000015,42750554.099999934,-116357853.95999992,-24949156.21999997,29804354.889999986,38406584.04000002,1.2886232291136177
76,MAGALUPAY IP - PRUDENCIAL,652078569.74,687102494.88,687769631.49,688508247.02,35023925.139999986,667136.6100000143,738615.5299999714,36429677.27999997,0.05586700586483833,Dez25->Jan26,3205562.4399999976,7848778.74000001,3885297.049999982,14939638.22999999,31818362.699999988,-7181642.129999995,-3146681.5200000107,21490039.049999982,14033551.51000002,906086.719999969,0.0645657458380589
92,SENFFNET IP - PRUDENCIAL,361985903.65,395269405.63,397089409.33,396934374.36,33283501.98000002,1820003.699999988,-155034.969999969,34948470.71000004,0.09654649630719132,Dez25->Jan26,4491279.189999998,-479355.61999994516,1511540.8099999428,5523464.379999995,28792222.79000002,2299359.3199999332,-1666575.7799999118,29425006.330000043,20376049.86,-14852585.480000004,-0.7289236913950113
57,RODOBENS - PRUDENCIAL,1692078410.94,1734807947.23,1733611795.79,1723046186.37,42729536.28999996,-1196151.4400000572,-10565609.420000076,30967775.42999983,0.018301619611585437,Dez25->Jan26,23967885.859999985,17023379.610000014,19548931.150000006,60540196.620000005,18761650.429999977,-18219531.05000007,-30114540.570000082,-29572421.190000176,56353441.82999998,4186754.7900000215,0.07429457108636062
116,BANCO AFINZ BM - PRUDENCIAL,158067175.97,172968839.61,173000904.6,188095413.04,14901663.640000015,32064.989999979734,15094508.439999998,30028237.069999993,0.18997136429956296,Fev26->Mar26,-13417014.639999986,-14495433.74000001,-19928384.430000007,-47840832.81,28318678.28,14527498.72999999,35022892.870000005,77869069.88,1820132.7600000054,-49660965.57000001,-27.2842545672327
99,BCO GUANABARA S.A. - PRUDENCIAL,253651963.22,282975564.51,282978076.29,282980588.07,29323601.28999999,2511.7800000309944,2511.7799999713898,29328624.849999994,0.1156254596955845,Dez25->Jan26,6812743.629999999,4757666.010000009,8512328.769999988,20082738.409999996,22510857.659999993,-4755154.229999978,-8509816.990000017,9245886.439999998,10413283.840000004,9669454.569999993,0.928569192828224
122,AVANCARD PROVER IP - PRUDENCIAL,128567722.72,165723406.87,160723406.87,155723406.87,37155684.150000006,-5000000.0,-5000000.0,27155684.150000006,0.21121696468981377,Dez25->Jan26,1194665.9300000002,987491.0499999998,1166417.3400000003,3348574.3200000003,35961018.220000006,-5987491.05,-6166417.34,23807109.830000006,,,
125,EAGLE SCD - PRUDENCIAL,111046517.05,115044254.67,116113913.99,137700299.17,3997737.620000005,1069659.3199999928,21586385.179999992,26653782.11999999,0.24002357595780163,Fev26->Mar26,3529665.879999999,4014927.990000002,-8248056.930000003,-703463.0600000024,468071.7400000058,-2945268.6700000092,29834442.109999996,27357245.179999992,20699897.439999998,-21403360.5,-1.0339838910815398
64,SOFISA - PRUDENCIAL,1083906369.21,1121863412.41,1110470518.46,1110488040.89,37957043.20000005,-11392893.950000048,17522.430000066757,26581671.680000067,0.024523955606399833,Dez25->Jan26,5762604.149999976,4034173.9499999285,28860136.48000002,38656914.57999992,32194439.05000007,-15427067.899999976,-28842614.049999952,-12075242.899999857,52817539.899999976,-14160625.320000052,-0.2681045983362822
75,BMW - PRUDENCIAL,674877158.93,700921397.82,700921397.82,700921397.82,26044238.890000105,0.0,0.0,26044238.890000105,0.0385910806809532,Dez25->Jan26,5808606.549999997,8927487.13000001,13822014.089999974,28558107.76999998,20235632.340000108,-8927487.13000001,-13822014.089999974,-2513868.879999876,22020210.399999976,6537897.370000005,0.2969044006046378
109,BANCO B3 - PRUDENCIAL,196542865.82,226214794.33,226176280.24,221391340.09,29671928.51000002,-38514.090000003576,-4784940.150000006,24848474.27000001,0.12642776000201913,Dez25->Jan26,5488328.75,3972254.759999998,9029070.350000001,18489653.86,24183599.76000002,-4010768.8500000015,-13814010.500000007,6358820.410000011,14325833.709999979,4163820.150000021,0.29065115750251347
50,SUMUP IP - PRUDENCIAL,2184505581.55,2200277910.46,2201495695.12,2209257402.92,15772328.909999847,1217784.6599998474,7761707.800000191,24751821.369999886,0.011330628577491392,Dez25->Jan26,7632852.590000004,1471259.1200000048,-3802683.650000006,5301428.060000002,8139476.319999844,-253474.46000015736,11564391.450000197,19450393.309999883,5044045.519999981,257382.54000002146,0.051027005799111506
112,GAZINCRED SCFI - PRUDENCIAL,185014244.04,210522671.57,209265025.26,207862563.66,25508427.53,-1257646.3100000024,-1402461.599999994,22848319.620000005,0.12349492191022983,Dez25->Jan26,4347638.129999999,5424725.670000002,6027863.819999997,15800227.619999997,21160789.400000002,-6682371.980000004,-7430325.419999991,7048092.000000007,14482034.619999997,1318193.0,0.09102263836460849
108,STONEX DTVM - PRUDENCIAL,199024104.0,217869978.51,217869978.51,217869978.51,18845874.50999999,0.0,0.0,18845874.50999999,0.09469141742750914,Dez25->Jan26,2537674.6400000006,-1002223.5999999978,7421690.539999995,8957141.579999998,16308199.86999999,1002223.5999999978,-7421690.539999995,9888732.929999992,5631458.099999994,3325683.480000004,0.5905545989945318
60,NEON PAGAMENTOS IP - PRUDENCIAL,1325500938.58,1347221830.51,1346221639.73,1343063244.93,21720891.930000067,-1000190.7799999714,-3158394.7999999523,17562306.350000143,0.013249561610129466,Dez25->Jan26,-1254678.6000000238,21256695.03999996,18098742.950000167,38100759.390000105,22975570.53000009,-22256885.819999933,-21257137.75000012,-20538453.03999996,-28895515.109999895,66996274.5,2.318570001086935
39,BNP PARIBAS - PRUDENCIAL,4607532552.18,4679147528.29,4680269517.04,4624389448.27,71614976.10999966,1121988.75,-55880068.769999504,16856896.090000153,0.0036585517083377976,Dez25->Jan26,2196943.4800014496,-6733142.550001144,64239071.12000275,59702872.05000305,69418032.6299982,7855131.300001144,-120119139.89000225,-42845975.9600029,83510859.95999908,-23807987.909996033,-0.28508852526964557
81,YAMAHA MOTOR - PRUDENCIAL,566981686.25,584081205.42,581739078.47,582573252.0,17099519.169999957,-2342126.9499999285,834173.5299999714,15591565.75,0.02749924050126231,Dez25->Jan26,1232202.1200000048,3763768.3600000143,16391841.220000029,21387811.700000048,15867317.049999952,-6105895.309999943,-15557667.690000057,-5796245.950000048,-19848717.100000024,41236528.80000007,2.0775412633595356
113,BANCO BARI DE INVESTIMENTO E FINANCI. - PRUDENCIAL,184738493.27,201832018.75,200710750.38,200097578.72,17093525.47999999,-1121268.3700000048,-613171.6599999964,15359085.449999988,0.08313960549387124,Dez25->Jan26,1879436.4999999963,2626753.459999997,5086634.859999999,9592824.819999993,15214088.979999993,-3748021.830000002,-5699806.519999996,5766260.629999995,7400864.079999998,2191960.7399999946,0.29617632702153274
100,STARK SCD - PRUDENCIAL,249023149.0,265405364.68,265447076.81,263430377.86,16382215.680000007,41712.12999999523,-2016698.949999988,14407228.860000014,0.05785497821329058,Dez25->Jan26,2970819.09,-106545.73999999836,1522186.5500000045,4386459.900000006,13411396.590000007,148257.8699999936,-3538885.4999999925,10020768.960000008,4406675.630000003,-20215.72999999672,-0.0045875239516997785
77,BCO ABN AMRO CLEARING - PRUDENCIAL,595810619.3,607894231.41,607906298.45,608065734.79,12083612.110000014,12067.040000081062,159436.33999991417,12255115.49000001,0.020568810110162483,Dez25->Jan26,3817477.200000003,3143868.719999984,4414210.210000008,11375556.129999995,8266134.910000011,-3131801.679999903,-4254773.870000094,879559.3600000143,9599364.940000027,1776191.1899999678,0.18503215588759175
101,BBC S.A. - PRUDENCIAL,248416888.13,253872369.5,253872369.5,260621121.5,5455481.370000005,0.0,6748752.0,12204233.370000005,0.049128034176216556,Fev26->Mar26,147995.1000000015,996796.0399999991,1077186.3399999887,2221977.4799999893,5307486.270000003,-996796.0399999991,5671565.660000011,9982255.890000015,-3054934.4900000095,5276911.969999999,1.7273404674546662
91,ASAAS GESTAO FINANCEIRA IP - PRUDENCIAL,365935575.01,377165130.5,377165130.5,377165130.5,11229555.49000001,0.0,0.0,11229555.49000001,0.030687247310385544,Dez25->Jan26,202652.8200000003,-799185.5800000057,5555949.800000027,4959417.040000021,11026902.67000001,799185.5800000057,-5555949.800000027,6270138.449999988,3052466.6600000113,1906950.3800000101,0.6247243925671585
123,CALCARD IP - PRUDENCIAL,124140206.63,134675461.53,134677047.39,134682963.77,10535254.900000006,1585.8599999845028,5916.380000025034,10542757.140000015,0.08492620905185629,Dez25->Jan26,-2303033.16,-815478.6600000001,2250022.1999999955,-868489.6200000048,12838288.060000006,817064.5199999847,-2244105.8199999705,11411246.76000002,3999463.8599999994,-4867953.480000004,-1.217151510902765
124,TULLETT PREBON BRASIL S.A. CTVM - PRUDENCIAL,116468253.88,126539248.74,126658290.18,126790086.08,10070994.86,119041.44000001252,131795.89999999106,10321832.200000003,0.08862356784909672,Dez25->Jan26,827117.7199999988,659652.950000003,2072485.8900000006,3559256.5600000024,9243877.14,-540611.5099999905,-1940689.9900000095,6762575.640000001,2926786.6399999857,632469.9200000167,0.2160970367146475
97,CREDI SHOP S.A. - PRUDENCIAL,290610109.19,299540314.76,299540314.76,299540314.76,8930205.569999993,0.0,0.0,8930205.569999993,0.03072916353423016,Dez25->Jan26,2693957.1400000006,1495661.5,-100435.16999999434,4089183.4700000063,6236248.429999992,-1495661.5,100435.16999999434,4841022.099999987,5331792.579999998,-1242609.109999992,-0.23305653611903868
82,BCO TRIANGULO S.A. - PRUDENCIAL,528933101.54,541410133.24,539770130.38,537695332.8,12477031.699999988,-1640002.8600000143,-2074797.580000043,8762231.25999993,0.016565859150218635,Dez25->Jan26,-5779869.400000006,-1459604.0,1622903.8900000155,-5616569.50999999,18256901.099999994,-180398.8600000143,-3697701.4700000584,14378800.769999921,8329197.539999992,-13945767.049999982,-1.6743230044703679
117,WISE BRASIL CC - PRUDENCIAL,156177334.45,161870441.12,162878140.78,164002394.92,5693106.670000017,1007699.6599999964,1124254.1399999857,7825060.469999999,0.05010368820518693,Dez25->Jan26,1269989.330000013,355489.09999993443,9375611.190000057,11001089.620000005,4423117.340000004,652210.560000062,-8251357.0500000715,-3176029.150000006,2270846.2400000095,8730243.379999995,3.8444889954328034
107,GENIAL - PRUDENCIAL,205906687.03,212789014.46,212733698.2,212748915.3,6882327.430000007,-55316.260000020266,15217.100000023842,6842228.270000011,0.033229752606349874,Dez25->Jan26,-5817013.680000007,-38737470.70000002,-3166201.9600000083,-47720686.34000003,12699341.110000014,38682154.44,3181419.060000032,54562914.610000044,-7304367.189999998,-40416319.150000036,-5.533171881793096
111,WESTERN UNION - PRUDENCIAL,193524732.8,200303824.1,200303824.1,200303824.1,6779091.299999982,0.0,0.0,6779091.299999982,0.035029586151171174,Dez25->Jan26,893651.879999999,472968.2899999954,722265.5500000045,2088885.7199999988,5885439.419999983,-472968.2899999954,-722265.5500000045,4690205.579999983,1688240.6099999994,400645.1099999994,0.23731517156194906
78,AGENCIA FOMENTO EST RJ S.A. - PRUDENCIAL,591710811.18,594833599.2,594193703.05,594547343.64,3122788.0200001,-639896.1500000954,353640.5900000334,2836532.460000038,0.004793781702827731,Dez25->Jan26,1352415.83,3421626.0399999972,2340523.8900000043,7114565.760000002,1770372.1900001,-4061522.1900000926,-1986883.299999971,-4278033.2999999635,3604763.759999998,3509802.0000000037,0.9736565926861198
96,CAIXA GERAL - PRUDENCIAL,301518602.14,302477533.04,303018376.61,302430466.67,958930.9000000358,540843.5699999928,-587909.9399999976,911864.530000031,0.0030242397103467517,Dez25->Jan26,927224.9600000083,-4481950.319999993,-1511439.4700000584,-5066164.830000043,31705.940000027418,5022793.889999986,923529.5300000608,5978029.360000074,-656268.0999999046,-4409896.730000138,-6.71965730164361
89,EDENRED SOLUCOES E IP AHA - PRUDENCIAL,391588788.07,385062743.03,385062743.03,392024858.69,-6526045.040000021,0.0,6962115.660000026,436070.62000000477,0.0011135932214740869,Fev26->Mar26,31733283.240000002,-5051810.29999999,30070495.569999978,56751968.50999999,-38259328.28000002,5051810.29999999,-23108379.90999995,-56315897.889999986,-32986251.310000002,89738219.82,2.720473417141379
114,RECARGAPAY IP - PRUDENCIAL,184071757.35,182873771.23,182987190.22,183100788.69,-1197986.1200000048,113418.99000000954,113598.46999999881,-970968.6599999964,-0.005274946433818009,Fev26->Mar26,1420214.5200000107,700123.4699999988,5585995.650000036,7706333.640000045,-2618200.6400000155,-586704.4799999893,-5472397.180000037,-8677302.300000042,-3021270.9900000095,10727604.630000055,3.550692627542166
79,BR PARTNERS - PRUDENCIAL,584367790.39,590614930.73,590546385.41,582430435.37,6247140.340000033,-68545.32000005245,-8115950.039999962,-1937355.019999981,-0.003315300829135387,Dez25->Jan26,-4642098.070000052,-1742635.569999814,1127966.039999485,-5256767.6000003815,10889238.410000086,1674090.2499997616,-9243916.079999447,3319412.5800004005,4660816.620000124,-9917584.220000505,-2.127864069451469
120,CREDIARE CFI - PRUDENCIAL,142296610.55,138181631.47,138181631.47,138181631.47,-4114979.080000013,0.0,0.0,-4114979.080000013,-0.028918321132843122,Jan26->Fev26,-1418896.7300000004,5127068.500000004,-2185017.950000003,1523153.8200000003,-2696082.3500000127,-5127068.500000004,2185017.950000003,-5638132.900000013,1262045.8299999982,261107.9900000021,0.20689263717150624
90,CELCOIN IP - PRUDENCIAL,380628087.0,372420453.56,372716188.56,373917749.43,-8207633.439999998,295735.0,1201560.8700000048,-6710337.569999993,-0.017629643736721913,Fev26->Mar26,3195358.519999996,-11761369.579999998,-11638627.500000015,-20204638.560000017,-11402991.959999993,12057104.579999998,12840188.37000002,13494300.990000024,3741553.6400000006,-23946192.200000018,-6.400066524236711
115,BANCO PAULISTA - PRUDENCIAL,175683473.53,119672606.95,119732396.19,164809610.64,-56010866.58,59789.239999994636,45077214.44999999,-10873862.890000015,-0.06189462600842291,Fev26->Mar26,-4604050.259999998,-7457114.9499999955,-301384.4699999988,-12362549.679999992,-51406816.32,7516904.18999999,45378598.91999999,1488686.7899999768,-5501071.230000004,-6861478.449999988,-1.2472986011489953
70,DM SCFI - PRUDENCIAL,862693125.44,850018813.06,850216686.11,851255641.36,-12674312.380000114,197873.05000007153,1038955.25,-11437484.080000043,-0.013257882487665094,Fev26->Mar26,-9377288.75999999,3359786.0099999905,5477299.929999948,-540202.8200000525,-3297023.620000124,-3161912.959999919,-4438344.679999948,-10897281.25999999,,,
105,DOCK IP - PRUDENCIAL,213508155.14,200492960.21,200492960.21,200492960.21,-13015194.929999977,0.0,0.0,-13015194.929999977,-0.06095877190951208,Jan26->Fev26,-2890331.469999999,-71786.92000000179,-5577183.979999989,-8539302.36999999,-10124863.459999979,71786.92000000179,5577183.979999989,-4475892.5599999875,-8114757.680000007,-424544.6899999827,-0.05231760537302727
55,SCANIA - PRUDENCIAL,1724352300.35,1710004550.5,1710004550.5,1710004550.5,-14347749.849999905,0.0,0.0,-14347749.849999905,-0.008320660370324367,Jan26->Fev26,-1994530.7000000179,935109.7900000513,-4871732.159999967,-5931153.069999933,-12353219.149999887,-935109.7900000513,4871732.159999967,-8416596.779999971,20601629.320000052,-26532782.389999986,-1.2878972812233822
119,ZEMA CFI - PRUDENCIAL,150874631.14,137763329.94,136979469.94,136087274.41,-13111301.199999988,-783860.0,-892195.5300000012,-14787356.72999999,-0.09801088902930584,Jan26->Fev26,-941737.5200000033,1381675.3100000098,921943.2199999988,1361881.0100000054,-12169563.679999985,-2165535.31000001,-1814138.75,-16149237.739999995,11307935.719999999,-9946054.709999993,-0.8795641358668772
106,FATOR - PRUDENCIAL,211938092.92,250704910.78,250704910.78,195204910.78,38766817.860000014,0.0,-55500000.0,-16733182.139999986,-0.07895315990370942,Dez25->Jan26,944573.2100000009,-1588039.190000005,15379157.820000008,14735691.840000004,37822244.65000001,1588039.190000005,-70879157.82000001,-31468873.97999999,3539608.0700000003,11196083.770000003,3.1630857283021174
94,BANCO TRAVELEX - PRUDENCIAL,315158191.06,289713729.83,289717229.08,289671770.04,-25444461.23000002,3499.25,-45459.03999996185,-25486421.01999998,-0.0808686613356905,Jan26->Fev26,1197540.8799999952,-615929.4699999988,466114.54000002146,1047725.9500000179,-26642002.110000014,619428.7199999988,-511573.5799999833,-26534146.97,2568600.0699999332,-1520874.1199999154,-0.5921023431257458
73,FACTA S.A. CFI - PRUDENCIAL,734927489.93,714545449.39,709042258.22,703539067.05,-20382040.53999996,-5503191.169999957,-5503191.170000076,-31388422.879999995,-0.042709550683686724,Jan26->Fev26,-13469261.48999998,7778742.199999958,24452830.340000093,18762311.05000007,-6912779.049999982,-13281933.369999915,-29956021.51000017,-50150733.93000007,56816080.96999991,-38053769.91999984,-0.669771115330764
52,PAGUEVELOZ IP - PRUDENCIAL,1878467694.5,1888228267.76,1868091664.26,1845929059.86,9760573.25999999,-20136603.5,-22162604.400000095,-32538634.640000105,-0.017321902705737538,Dez25->Jan26,21665197.92,9645973.600000001,20931569.15,52242740.67,-11904624.660000011,-29782577.1,-43094173.550000094,-84781375.3100001,5469479.019999996,46773261.650000006,8.551684992111012
95,ANDBANK - PRUDENCIAL,309027497.25,269380552.09,269384555.26,271453241.57,-39646945.160000026,4003.1700000166893,2068686.3100000024,-37574255.68000001,-0.12158871302511579,Fev26->Mar26,-1751017.8200000077,-3096000.9100000113,-2043253.2599999905,-6890271.99000001,-37895927.34000002,3100004.080000028,4111939.569999993,-30683983.689999998,-1913111.0600000024,-4977160.930000007,-2.601605852406708
102,99PAY IP - PRUDENCIAL,245035961.14,206727601.95,206727601.95,206727601.95,-38308359.19,0.0,0.0,-38308359.19,-0.15633770248160728,Jan26->Fev26,15522784.760000005,1911989.6599999815,-14646635.779999971,2788138.6400000155,-53831143.95,-1911989.6599999815,14646635.779999971,-41096497.83000001,10248323.920000017,-7460185.280000001,-0.7279419872200906
80,HAITONG - PRUDENCIAL,579476653.66,537932788.83,538620372.67,537832740.39,-41543864.82999992,687583.8399999142,-787632.2799999714,-41643913.26999998,-0.07186469550925857,Jan26->Fev26,-5735735.300000012,-3002575.879999995,-693792.409999907,-9432103.589999914,-35808129.52999991,3690159.7199999094,-93839.87000006437,-32211809.680000067,13275147.389999866,-22707250.97999978,-1.7105083893158952
31,BCO COOPERATIVO SICREDI - PRUDENCIAL,5372922819.79,5316507908.71,5317170297.76,5317210185.89,-56414911.07999992,662389.0500001907,39888.13000011444,-55712633.89999962,-0.010369148370193254,Jan26->Fev26,5961031.869999886,19216098.60000038,37591567.6600008,62768698.13000107,-62375942.94999981,-18553709.55000019,-37551679.53000069,-118481332.03000069,-45219375.67000008,107988073.80000114,2.3880929844779737
98,IUGU IP - PRUDENCIAL,258028181.98,200955946.98,198849747.08,197329197.24,-57072235.0,-2106199.899999976,-1520549.8400000036,-60698984.73999998,-0.23524168668019688,Fev26->Mar26,37388.039999999106,-2777941.6999999955,1223151.6299999952,-1517402.0300000012,-57109623.04,671741.8000000194,-2743701.469999999,-59181582.70999998,-3849661.8100000024,2332259.780000001,0.6058349785276332
45,SCOTIABANK BRASIL - PRUDENCIAL,3207510383.16,3113022255.24,3112918643.97,3111135609.91,-94488127.92000008,-103611.26999998093,-1783034.0599999428,-96374773.25,-0.030046597434566294,Jan26->Fev26,84183034.98999977,-7679667.699999809,13527429.399998665,90030796.68999863,-178671162.90999985,7576056.429999828,-15310463.459998608,-186405569.93999863,45168841.79999924,44861954.88999939,0.99320578306261
93,HS FINANCEIRA - PRUDENCIAL,343357151.41,234878493.32,234878493.32,234878493.32,-108478658.09000003,0.0,0.0,-108478658.09000003,-0.31593533917826144,Jan26->Fev26,23221788.61,17181707.28999999,18574113.88000001,58977609.78,-131700446.70000003,-17181707.28999999,-18574113.88000001,-167456267.87000003,43316938.43000001,15660671.349999994,0.3615368933634951
33,UBS (BRASIL) - PRUDENCIAL,5066726370.02,4895310187.1,4894274883.95,4895411622.53,-171416182.92000008,-1035303.1500005722,1136738.5799999237,-171314747.49000072,-0.03381172279278316,Fev26->Mar26,259039.26999998093,-10186242.639999866,-43630472.69999981,-53557676.069999695,-171675222.19000006,9150939.489999294,44767211.27999973,-117757071.42000103,114775114.07000017,-168332790.13999987,-1.4666314340348676
48,BCO SUMITOMO MITSUI BRASIL S.A. - PRUDENCIAL,2206882901.31,1950595319.28,1949173790.17,1950912332.59,-256287582.02999997,-1421529.109999895,1738542.4199998379,-255970568.72000003,-0.1159873813730926,Fev26->Mar26,-8703518.779999971,-31931802.430000067,15483344.30000019,-25151976.909999847,-247584063.25,30510273.32000017,-13744801.880000353,-230818591.81000018,-26074014.81000042,922037.9000005722,0.035362329381163585
19,STONE IP - PRUDENCIAL,8382441307.77,10239762453.7,10217742564.75,8122116707.32,1857321145.9300003,-22019888.950000763,-2095625857.4300003,-260324600.45000076,-0.03105594073276673,Dez25->Jan26,101475844.23000002,236020532.89999962,1846719871.0300002,2184216248.16,1755845301.7000003,-258040421.85000038,-3942345728.4600005,-2444540848.6100006,235991019.42000008,1948225228.7399998,8.255505796484089
56,COBUCCIO SCFI - PRUDENCIAL,1720120185.38,1753589929.41,1753569349.41,,33469744.02999997,-20580.0,,,,Dez25->Jan26,-261861825.25999996,-22293415.170000046,,,295331569.28999996,22272835.170000046,,,334651021.03999996,,
59,BOCOM - PRUDENCIAL,1430071978.55,1639197631.37,1629257175.0,,209125652.81999993,-9940456.369999886,,,,Dez25->Jan26,45297575.01000023,24162279.920000076,,,163828077.8099997,-34102736.28999996,,,81221388.54999924,,
87,ENTREPAY IP - PRUDENCIAL,420664457.62,,,,,,,,,,,,,,,,,,,,
103,SHPP BRASIL IP - PRUDENCIAL,232358191.61,,,,,,,,,,,,,,,,,,-9243253.689999998,,
