Rank_PL_Dez25,Instituição,PL_202512,LL_202503,LL_202603,Delta_LL,Var_LL_pct,LL_202503_pct_PL_Dez25,LL_202603_pct_PL_Dez25,Delta_LL_pct_PL_Dez25
2,BB - PRUDENCIAL,177468658372.45,6813371760.52002,3205914832.9599915,-3607456927.560028,-0.5294672086533401,0.03839197198539096,0.018064681743588776,-0.02032729024180218
5,CAIXA ECONÔMICA FEDERAL - PRUDENCIAL,107058583682.48,5387707609.219994,3093792133.2899933,-2293915475.9300003,-0.42576836797980994,0.050324854149006316,0.028898123129161932,-0.021426731019844387
4,BNDES - PRUDENCIAL,159028130074.82,5617809222.159996,3441748611.9799995,-2176060610.1799965,-0.38735039303155994,0.03532588366295267,0.02164238874192079,-0.013683494921031878
9,NU PAGAMENTOS - PRUDENCIAL,16420372917.84,2866519208.8600006,1420540594.1500015,-1445978614.709999,-0.5044370922897311,0.1745708957526571,0.08651086070077299,-0.08806003505188412
3,BRADESCO - PRUDENCIAL,163710383749.73,5825962581.26001,5042823422.570007,-783139158.6900024,-0.1344222774806475,0.035587007053666,0.03080332051679235,-0.004783686536873651
24,VOLKSWAGEN - PRUDENCIAL,6436196539.72,399178318.77,-111881645.32999992,-511059964.0999999,-1.2802798650857194,0.062020840461681395,-0.017383192797102993,-0.0794040332587844
15,XP - PRUDENCIAL,10924477962.31,256370333.76000977,-33498748.679992676,-289869082.44000244,-1.1306654642473224,0.02346751347245153,-0.003066393542608173,-0.026533907015059706
35,AGIBANK - PRUDENCIAL,4834022945.76,348772488.62000036,142071371.48000002,-206701117.14000034,-0.5926531589629145,0.0721495310496849,0.02938988355539626,-0.04275964749428863
18,CITIBANK - PRUDENCIAL,8480347135.84,522585150.51000214,340378334.9699936,-182206815.54000854,-0.34866435711422145,0.061623084779328284,0.04013731154134863,-0.02148577323797966
33,UBS (BRASIL) - PRUDENCIAL,5066726370.02,114775114.07000017,-53557676.069999695,-168332790.13999987,-1.4666314340348676,0.022652716110569654,-0.010570469403459867,-0.03322318551402952
23,CREFISA S.A. CFI - PRUDENCIAL,6732872736.54,272859223.15999985,111171473.91000032,-161687749.24999952,-0.5925683851822325,0.04052641923248668,0.016511744430673877,-0.0240146748018128
72,BANCO DIGIMAIS - PRUDENCIAL,798110441.01,-15350085.350000024,-108354961.89000005,-93004876.54000002,-6.058915922574976,-0.019233034128177375,-0.1357643708468192,-0.11653133671864181
30,BANCO SICOOB - PRUDENCIAL,5501872621.27,273528597.9499998,185138152.64999962,-88390445.30000019,-0.3231488259818364,0.04971554537496018,0.03365002525399508,-0.0160655201209651
12,CIELO IP - PRUDENCIAL,13644262958.0,464655474.44000006,384831271.4000001,-79824203.03999996,-0.17179223625031773,0.03405500728550236,0.02820462142840505,-0.005850385857097314
38,GOLDMAN SACHS - PRUDENCIAL,4678912160.64,357906885.77000046,291495463.2799988,-66411422.49000168,-0.18555502878108707,0.07649361079713976,0.062299836644107216,-0.01419377415303254
36,SEM PARAR IP - PRUDENCIAL,4784762331.55,317415249.86000013,254528814.53999996,-62886435.32000017,-0.1981203970122324,0.0663387704269054,0.05319570689262357,-0.013143063534281843
121,BMP SCMEPP LTDA - PRUDENCIAL,130168218.57,92182542.97,34844179.01999998,-57338363.95000002,-0.6220089195050769,0.7081801071159886,0.2676857638737829,-0.4404943432422056
13,CLOUDWALK IP - PRUDENCIAL,13637303664.87,330143724.81000006,273335794.11000013,-56807930.69999993,-0.17207030281339825,0.024208870970619925,0.020043243211934868,-0.0041656277586850565
54,PORTO SEGURO - PRUDENCIAL,1747570799.92,143473026.2099998,87685604.53999996,-55787421.66999984,-0.3888356100354671,0.0820985485775842,0.050175709358392814,-0.03192283921919138
116,BANCO AFINZ BM - PRUDENCIAL,158067175.97,1820132.7600000054,-47840832.81,-49660965.57000001,-27.2842545672327,0.011514931856222025,-0.30266140023327703,-0.3141763320894991
107,GENIAL - PRUDENCIAL,205906687.03,-7304367.189999998,-47720686.34000003,-40416319.150000036,-5.533171881793096,-0.035474162084574615,-0.23175879826111365,-0.19628463617653902
73,FACTA S.A. CFI - PRUDENCIAL,734927489.93,56816080.96999991,18762311.05000007,-38053769.91999984,-0.669771115330764,0.07730841715474747,0.025529472372556285,-0.05177894478219119
29,HONDA - PRUDENCIAL,5743499598.49,140608689.8699999,103499303.71000004,-37109386.15999985,-0.26391957847206615,0.024481361486813152,0.01802025088279115,-0.006461110604022002
47,MERCEDES-BENZ - PRUDENCIAL,2312594005.39,64957211.620000005,29240037.53000009,-35717174.089999914,-0.5498569473539836,0.028088463201324222,0.012643826569579384,-0.01544463663174484
61,PARANÁ BANCO - PRUDENCIAL,1210832178.65,53522498.21000004,23297276.440000057,-30225221.76999998,-0.5647199361174954,0.04420306889239942,0.019240714651286375,-0.02496235424111305
26,BOFA MERRILL LYNCH - PRUDENCIAL,6160907993.46,336542179.5,306574253.6300049,-29967925.869995117,-0.08904656740061052,0.054625418827427746,0.049761212788024624,-0.004864206039403124
32,MERCADO PAGO IP - PRUDENCIAL,5156850061.66,-2767172.4499998093,-30454391.569999695,-27687219.119999886,-10.00559944140879,-0.0005366013005832966,-0.00590561897395876,-0.005369017673375463
55,SCANIA - PRUDENCIAL,1724352300.35,20601629.320000052,-5931153.069999933,-26532782.389999986,-1.2878972812233822,0.011947459527741774,-0.003439641115563252,-0.015387100643305026
90,CELCOIN IP - PRUDENCIAL,380628087.0,3741553.6400000006,-20204638.560000017,-23946192.200000018,-6.400066524236711,0.009829946259325841,-0.05308236373003135,-0.06291230998935719
39,BNP PARIBAS - PRUDENCIAL,4607532552.18,83510859.95999908,59702872.05000305,-23807987.909996033,-0.28508852526964557,0.018124855118058125,0.012957666901724944,-0.0051671882163331784
80,HAITONG - PRUDENCIAL,579476653.66,13275147.389999866,-9432103.589999914,-22707250.97999978,-1.7105083893158952,0.02290885630362061,-0.016276934593354768,-0.03918579089697538
125,EAGLE SCD - PRUDENCIAL,111046517.05,20699897.439999998,-703463.0600000024,-21403360.5,-1.0339838910815398,0.18640744428462916,-0.006334850283357018,-0.1927422945679862
16,BANRISUL - PRUDENCIAL,10222093570.09,241313883.92000008,221407096.6399994,-19906787.280000687,-0.08249333588530756,0.023607090100024923,0.02165966248712885,-0.001947427612896075
68,OMNI - PRUDENCIAL,882897997.95,405486.87000000477,-18171119.51999998,-18576606.389999986,-45.8130898048555,0.00045926808186393483,-0.02058122179707224,-0.021040489878936173
92,SENFFNET IP - PRUDENCIAL,361985903.65,20376049.86,5523464.379999995,-14852585.480000004,-0.7289236913950113,0.05628962248127035,0.015258783074991145,-0.0410308394062792
64,SOFISA - PRUDENCIAL,1083906369.21,52817539.899999976,38656914.57999992,-14160625.320000052,-0.2681045983362822,0.04872887677419571,0.03566444083927178,-0.013064435934923933
82,BCO TRIANGULO S.A. - PRUDENCIAL,528933101.54,8329197.539999992,-5616569.50999999,-13945767.049999982,-1.6743230044703679,0.015747166353834455,-0.010618676527612336,-0.02636584288144679
27,BCO DAYCOVAL S.A - PRUDENCIAL,6146488331.99,451812227.75,441285602.15999985,-10526625.590000153,-0.02329867352732388,0.07350737581303117,0.07179475146211305,-0.0017126243509181169
119,ZEMA CFI - PRUDENCIAL,150874631.14,11307935.719999999,1361881.0100000054,-9946054.709999993,-0.8795641358668772,0.07494921866292491,0.009026573915771732,-0.06592264474715318
79,BR PARTNERS - PRUDENCIAL,584367790.39,4660816.620000124,-5256767.6000003815,-9917584.220000505,-2.127864069451469,0.007975827375580627,-0.008995649121064798,-0.016971476496645425
102,99PAY IP - PRUDENCIAL,245035961.14,10248323.920000017,2788138.6400000155,-7460185.280000001,-0.7279419872200906,0.04182375465348407,0.011378487578021365,-0.030445267075462707
115,BANCO PAULISTA - PRUDENCIAL,175683473.53,-5501071.230000004,-12362549.679999992,-6861478.449999988,-1.2472986011489953,-0.03131240019033795,-0.070368313146364,-0.039055912956026055
41,VOLVO - PRUDENCIAL,3777038867.38,105502318.68000007,99445371.13999999,-6056947.540000081,-0.057410563253794046,0.027932547793235535,0.026328924491312362,-0.001603623301923174
84,RANDON - PRUDENCIAL,503609868.04,33885492.620000005,28128637.099999994,-5756855.520000011,-0.16989145132280534,0.06728520382628522,0.05585402289568685,-0.011431180930598372
74,INDUSTRIAL DO BRASIL - PRUDENCIAL,676982450.7,18530485.01999998,12809785.819999993,-5720699.199999988,-0.3087182658103999,0.02737217929480957,0.018921887571464624,-0.008450291723344945
95,ANDBANK - PRUDENCIAL,309027497.25,-1913111.0600000024,-6890271.99000001,-4977160.930000007,-2.601605852406708,-0.006190747027447579,-0.022296630724824632,-0.016105883697377053
123,CALCARD IP - PRUDENCIAL,124140206.63,3999463.8599999994,-868489.6200000048,-4867953.480000004,-1.217151510902765,0.032217312735110915,-0.006996038137656231,-0.039213350872767144
96,CAIXA GERAL - PRUDENCIAL,301518602.14,-656268.0999999046,-5066164.830000043,-4409896.730000138,-6.71965730164361,-0.0021765426588678223,-0.016802163428867783,-0.01462562076999996
8,BCO CLASSICO S.A. - PRUDENCIAL,19932580178.35,735166.1599999964,-1161624.8199999928,-1896790.9799999893,-2.5800847253361043,3.688263904732743e-05,-5.827769458876704e-05,-9.516033363609446e-05
94,BANCO TRAVELEX - PRUDENCIAL,315158191.06,2568600.0699999332,1047725.9500000179,-1520874.1199999154,-0.5921023431257458,0.008150192959798153,0.0033244446113747084,-0.004825748348423444
97,CREDI SHOP S.A. - PRUDENCIAL,290610109.19,5331792.579999998,4089183.4700000063,-1242609.109999992,-0.23305653611903868,0.01834689300678831,0.014071029674079612,-0.004275863332708698
105,DOCK IP - PRUDENCIAL,213508155.14,-8114757.680000007,-8539302.36999999,-424544.6899999827,-0.05231760537302727,-0.03800678093386671,-0.039995204700263846,-0.0019884237663971354
100,STARK SCD - PRUDENCIAL,249023149.0,4406675.630000003,4386459.900000006,-20215.72999999672,-0.0045875239516997785,0.017695847344698073,0.017614667221158647,-8.118012353942533e-05
